title,url,discounted_price,original_price
10 x KN95 Dustproof Anti-haze Face Masks 95% Filtration N95 Mask NECEA-581218,https://www.tinydeal.com/10-x-kn95-dustproof-anti-haze-face-masks-95-filtration-n95-mask-p-200022.html,$25.02,$38.60 
50 x KN95 Face Masks 95% Filtration N95 Mouth Mask With CE FDA HHI-581866,https://www.tinydeal.com/50-x-kn95-face-masks-95-filtration-n95-mouth-mask-with-ce-fda-p-200363.html,$99.52,$179.13 
10 x KN95 Face Mask Respirator With Valve PM2.5 Mouth Mask Gauze Mask KB-581641,https://www.tinydeal.com/10-x-kn95-face-mask-respirator-with-valve-pm25-mouth-mask-gauze-mask-p-200341.html,$26.35,$46.41 
20 x KN95 Face Masks 95% Filtration N95 Mask NECEA-580961,https://www.tinydeal.com/20-x-kn95-face-masks-95-filtration-n95-mask-p-200361.html,$44.92,$69.17 
2 x KN95 Anti-haze Face Masks 95% Filtration N95 Mask NECEA-580960,https://www.tinydeal.com/2-x-kn95-anti-haze-face-masks-95-filtration-n95-mask-p-200021.html,$5.15,$10.19 
50 x Choebe CB Medical Disposable Anti-haze Face Masks 99% Filtration HHI-581271,https://www.tinydeal.com/50-x-choebe-cb-medical-disposable-anti-haze-face-masks-99-filtration-p-200006.html,$32.93,$51.36 
10 x Transparent Anti Droplet Dust-proof Medical Face Shield Face Cover Mask KB-581546,https://www.tinydeal.com/10-x-transparent-anti-droplet-dust-proof-medical-face-shield-face-cover-mask-p-200338.html,$15.03,$24.09 
1/2/5/10 pcs Teflon Gas Hob Oil Protector Liner Reusable Stove Clean Mat Pad HHI-549769,https://www.tinydeal.com/12510-pcs-teflon-gas-hob-oil-protector-liner-reusable-stove-clean-mat-pad-p-175005.html,$1.41,$5.33 
Neoprene Short Beach Socks Diving Socks Non-Slip Antiskid Scuba Dive Boots SGD-548443,https://www.tinydeal.com/neoprene-short-beach-socks-diving-socks-non-slip-antiskid-scuba-dive-boots-p-174657.html,$3.11,$3.72 
1/2/4 pcs Posture Corrector Shoulder Back Brace Belt Vest Posture Supporter HBI-216132,https://www.tinydeal.com/124-pcs-posture-corrector-shoulder-back-brace-belt-vest-posture-supporter-p-100149.html,$3.89,$4.17 
Type-C to USB 3.0 Type A OTG Adapter ECACR-562051,https://www.tinydeal.com/type-to-usb-30-type-a-otg-adapter-p-178935.html,$1.36,$6.60 
5 x Reusable Face-Shielding Face Mask Anti-Fog Anti-Splash Face Shield KB-581849,https://www.tinydeal.com/5-x-reusable-face-shielding-face-mask-anti-fog-anti-splash-face-shield-p-200348.html,$14.41,$23.36 
10pcs Colorful Rose Flower Plant Seeds TDS-378192,https://www.tinydeal.com/10pcs-colorful-rose-flower-plant-seeds-p-145998.html,$0.77,$2.76 
Portable Mini LCD Digital Tyre Tire Pressure Gauge Tester CTL-27481,https://www.tinydeal.com/portable-mini-lcd-digital-tyre-tire-pressure-gauge-tester-p-23322.html,$3.32,$3.84 
11.5 x 10CM Heart Paw Vinyl Decal Car Stickers Car Window Sticker RST-545060,https://www.tinydeal.com/115-x-10cm-heart-paw-vinyl-decal-car-stickers-car-window-sticker-p-173740.html,$2.12,$2.27 
50 x Disposable Medical 3 Layer Non-woven Anti-fog Mouth Mask HHI-581854,https://www.tinydeal.com/50-x-disposable-medical-3-layer-non-woven-anti-fog-mouth-mask-p-200355.html,$34.40,$52.98 
3-in-1 Halter Ball-Point Pen w Note Paper & Flashlight w String YSN-174312,https://www.tinydeal.com/3-in-1-halter-ball-point-pen-w-note-paper-flashlight-w-string-p-88668.html,$1.68,$1.77 
Mushroom Style 1/5W Light Sensor LED Night Lamp HLI-149180,https://www.tinydeal.com/mushroom-style-15w-light-sensor-led-night-lamp-p-80565.html,$2.07,$3.74 
E6 Bluetooth Earphone 4.2 In-Ear MINI Stereo 600mA with Charging Box EEP-562601,https://www.tinydeal.com/e6-bluetooth-earphone-42-in-ear-mini-stereo-600ma-with-charging-box-p-179775.html,$6.03,$18.85 
1/2 pcs Car Visor Glasses Sunglasses Ticket Clip Holder - Color Assorted RIG-179460,https://www.tinydeal.com/12-pcs-car-visor-glasses-sunglasses-ticket-clip-holder-color-assorted-p-90302.html,$1.35,$3.84 
H96 MAX RK3318 4GB RAM 64GB ROM 5G WIFI bluetooth 4.0 Android 9.0 4K TV Box E-571219,https://www.tinydeal.com/h96-max-rk3318-4gb-ram-64gb-rom-5g-wifi-bluetooth-40-android-90-4k-tv-box-p-182191.html,$51.19,$96.60 
50 x Disposable Medical 3-ply Non-woven Anti-fog Mouth Face Mask HHI-581907,https://www.tinydeal.com/50-x-disposable-medical-3-ply-non-woven-anti-fog-mouth-face-mask-p-200370.html,$18.54,$32.93 
Double Zippers Design Multi-functional Storage Bag HHI-115510,https://www.tinydeal.com/double-zippers-design-multi-functional-storage-bag-p-68145.html,$4.21,$4.45 
18g Super Strong Sealant Fix Metal Adhesive Sealing Glue Bond HHI-557389,https://www.tinydeal.com/18g-super-strong-sealant-fix-metal-adhesive-sealing-glue-bond-p-177571.html,$1.17,$3.84 
Mini Airtight Sealer Machine for Plastic Bag - Assorted Color HLI-48626,https://www.tinydeal.com/mini-airtight-sealer-machine-for-plastic-bag-assorted-color-p-39392.html,$2.25,$5.73 
Stainless Steel Mini EDC Multifunction Screwdriver Key Shape Slotted Screwdriver S-561039,https://www.tinydeal.com/stainless-steel-mini-edc-multifunction-screwdriver-key-shape-slotted-screwdriver-p-178668.html,$1.84,$1.90 
1/2/4 Pair Anti-Fatigue Compression Socks Varicose Veins Women Copper Socks DST-538420,https://www.tinydeal.com/124-pair-anti-fatigue-compression-socks-varicose-veins-women-copper-socks-p-170397.html,$2.59,$6.72 
DC 12V 45cm 45-SMD 1210 LED Flexible Waterproof Car Strip Light RLT-274929,https://www.tinydeal.com/dc-12v-45cm-45-smd-1210-led-flexible-waterproof-car-strip-light-p-118388.html,$1.17,$1.18 
JJRC H20W 2.4GHz 6-axis Gyro Wi-Fi FPV RC Hexacopter with Camera TRC-506233,https://www.tinydeal.com/jjrc-h20w-24ghz-6-axis-gyro-wi-fi-fpv-rc-hexacopter-with-camera-p-158303.html,$20.21,$49.81 
64GB USB 2.0 Flash Drive USB Pen Drive U Disk EFM-561923,https://www.tinydeal.com/64gb-usb-20-flash-drive-usb-pen-drive-u-disk-p-178875.html,$6.51,$18.59 
12V 5m SMD 3528 30W 300-LED Indoor Strip Light Decoration Lights HLT-398373,https://www.tinydeal.com/12v-5m-smd-3528-30w-300-led-indoor-strip-light-decoration-lights-p-151403.html,$3.26,$6.12 
M165 Mini Bluetooth 4.1 Wireless Earphone with Mic Volume Adjustable for Phone RTH-573956,https://www.tinydeal.com/m165-mini-bluetooth-41-wireless-earphone-with-mic-volume-adjustable-for-phone-p-182813.html,$2.91,$5.63 
Wireless Handsfree Bluetooth 4.1 Headset Stereo Headphone Sunglass Sunglass EVA-549330,https://www.tinydeal.com/wireless-handsfree-bluetooth-41-headset-stereo-headphone-sunglass-sunglass-p-175303.html,$11.08,$11.90 
1/4/10 pcs 3M VHB Double Sided Adhesive Acrylic Foam Tape Scotch Tape RTH-545063,https://www.tinydeal.com/1410-pcs-3m-vhb-double-sided-adhesive-acrylic-foam-tape-scotch-tape--p-173455.html,$2.08,$3.57 
Portable Waterproof Emergency Space Rescue Thermal Foil Mylar Blankets Silver EDT-554213,https://www.tinydeal.com/portable-waterproof-emergency-space-rescue-thermal-foil-mylar-blankets-silver-p-176637.html,$1.92,$2.52 
1 Pair of Silicone Magnetic Losing Weight Toe Rings HBI-13397,https://www.tinydeal.com/1-pair-of-silicone-magnetic-losing-weight-toe-rings-p-12727.html,$0.97,$3.19 
Mini LED Key Finder Locator Find Lost Keys Chain Keychain Whistle Sound Control HHI-534396,https://www.tinydeal.com/mini-led-key-finder-locator-find-lost-keys-chain-keychain-whistle-sound-control-p-170166.html,$1.62,$3.10 
Teeth Whitening Pen Tooth Gel Whitener Bleach HBI-113105,https://www.tinydeal.com/teeth-whitening-pen-tooth-gel-whitener-bleach-p-66709.html,$1.96,$5.83 
3.5mm Stereo Woven Fiber Cloth Line Headset EDT-556403,https://www.tinydeal.com/35mm-stereo-woven-fiber-cloth-line-headset-p-178024.html,$1.27,$4.81 
Lace Floral Women's underwear Sexy Underwear DUW-281317,https://www.tinydeal.com/lace-floral-womens-underwear-sexy-underwear-p-119624.html,$1.70,$1.87 
Universal Micro-USB OTG TF/SD Card Reader for Smartphone Tablet PC ECACR-483880,https://www.tinydeal.com/universal-micro-usb-otg-tfsd-card-reader-for-smartphone-tablet-pc-p-156504.html,$1.16,$2.52 
"Cevapro Cycling Gloves, Touchscreen Winter Gloves Thicken Warm Gloves SBK-559709",https://www.tinydeal.com/cevapro-cycling-gloves-touchscreen-winter-gloves-thicken-warm-gloves-p-178385.html,$6.72,$18.53 
Micro USB To USB OTG Mini Adapter Converter For Android SmartPhone ECACR-562054,https://www.tinydeal.com/micro-usb-to-usb-otg-mini-adapter-converter-for-android-smartphone-p-179057.html,$0.69,$4.88 
2.4GHz 1600dpi Wireless Optical Mouse Mice CMS-11833-C3,https://www.tinydeal.com/24ghz-1600dpi-wireless-optical-mouse-mice-p-168444.html,$3.50,$6.72 
300-LED 5M 5050 SMD 72W Indoor LED Light Strip HLD-232068,https://www.tinydeal.com/300-led-5m-5050-smd-72w-indoor-led-light-strip-p-105499.html,$8.16,$9.63 
Remote Control E27 RGB Colorful Music Bulb HHI-563726,https://www.tinydeal.com/remote-control-e27-rgb-colorful-music-bulb-p-180227.html,$4.82,$9.55 
Mushroom Style Mini Wireless Bluetooth V3.0 Speaker Stand Phone Holder HHITH-523105,https://www.tinydeal.com/mushroom-style-mini-wireless-bluetooth-v30-speaker-stand-phone-holder-p-163093.html,$6.22,$7.82 
Sun Shape Silicone Fried Egg Mold Ring Cooking Tool HKI-403964,https://www.tinydeal.com/sun-shape-silicone-fried-egg-mold-ring-cooking-tool-p-151695.html,$1.30,$1.52 
New Finger Pulse Oximeter With Box Fingertip Pulse Oximetro Finger Pulse HHI-560059,https://www.tinydeal.com/new-finger-pulse-oximeter-with-box-fingertip-pulse-oximetro-finger-pulse-p-178726.html,$9.54,$10.37 
925 Sterling Silver Pendant Double Heart Imitated Crystal Necklace DJA-508178,https://www.tinydeal.com/925-sterling-silver-pendant-double-heart-imitated-crystal-necklace-p-158524.html,$1.38,$5.54 
Barbecue Rack Outdoor Barbecue Grill Fish Clip Barbecue Utensils SCH-512628,https://www.tinydeal.com/barbecue-rack-outdoor-barbecue-grill-fish-clip-barbecue-utensils-p-159138.html,$6.17,$7.09 
Plastic Asian Home Dumpling Maker HKI-549479,https://www.tinydeal.com/plastic-asian-home-dumpling-maker-p-175040.html,$1.95,$2.09 
Rainbow Stackable Storage Mixing Spoon Cups Set for Cooking Baking HKI-544934,https://www.tinydeal.com/rainbow-stackable-storage-mixing-spoon-cups-set-for-cooking-baking-p-173450.html,$4.13,$4.70 
Magic Multifunction Screwdriver Sets w Phillips Slot Hex Screwdriver LED Light S-541099,https://www.tinydeal.com/magic-multifunction-screwdriver-sets-w-phillips-slot-hex-screwdriver-led-light-p-171693.html,$2.66,$3.46 
LYNWO M7 Smart Bracelet 0.95'' Wristband Heart Rate Pedometer Blood Pressure E-540440,https://www.tinydeal.com/lynwo-m7-smart-bracelet-095-wristband-heart-rate-pedometer-blood-pressure-p-171384.html,$11.59,$35.66 
Kitchen Knife Blade Sharpener Stone Grindstone HHI-552221,https://www.tinydeal.com/kitchen-knife-blade-sharpener-stone-grindstone-p-176085.html,$1.26,$1.40 
